{
	"credit": "Made with Blockbench, Model by AstroSquared",
	"texture_size": [128, 128],
	"textures": {
		"0": "vehicle/tank-green",
		"1": "vehicle/tank-gray",
		"particle": "vehicle/tank-green"
	},
	"elements": [
		{
			"from": [0, 5, -15],
			"to": [16, 9, 31],
			"faces": {
				"north": {"uv": [3.75, 7.25, 5.75, 7.75], "texture": "#0"},
				"east": {"uv": [6.625, 1.75, 12.375, 2.25], "texture": "#0"},
				"south": {"uv": [7.625, 5.5, 9.625, 6], "texture": "#0"},
				"west": {"uv": [6.625, 2.25, 12.375, 2.75], "texture": "#0"},
				"up": {"uv": [2, 5.75, 0, 0], "texture": "#0"},
				"down": {"uv": [4, 0, 2, 5.75], "texture": "#0"}
			}
		},
		{
			"from": [0, 9, -4],
			"to": [16, 16, 25],
			"faces": {
				"north": {"uv": [6.625, 2.75, 8.625, 3.625], "texture": "#0"},
				"east": {"uv": [6.625, 0, 10.25, 0.875], "texture": "#0"},
				"south": {"uv": [6.625, 3.625, 8.625, 4.5], "texture": "#0"},
				"west": {"uv": [6.625, 0.875, 10.25, 1.75], "texture": "#0"},
				"up": {"uv": [6, 3.625, 4, 0], "texture": "#0"},
				"down": {"uv": [6, 3.625, 4, 7.25], "texture": "#0"}
			}
		},
		{
			"from": [6, 16, -16],
			"to": [10, 20, 10],
			"rotation": {"angle": 22.5, "axis": "x", "origin": [0, 0, 0]},
			"faces": {
				"north": {"uv": [4.375, 8.5, 4.875, 9], "texture": "#0"},
				"east": {"uv": [6.625, 4.5, 9.875, 5], "texture": "#0"},
				"south": {"uv": [4.875, 8.5, 5.375, 9], "texture": "#0"},
				"west": {"uv": [6.625, 5, 9.875, 5.5], "texture": "#0"},
				"up": {"uv": [7.125, 8.75, 6.625, 5.5], "texture": "#0"},
				"down": {"uv": [7.625, 5.5, 7.125, 8.75], "texture": "#0"}
			}
		},
		{
			"from": [17, 2, -4],
			"to": [20, 6, -3],
			"faces": {
				"north": {"uv": [5.625, 7.75, 6, 8.25], "texture": "#1"},
				"east": {"uv": [5.75, 7.25, 5.875, 7.75], "texture": "#1"},
				"south": {"uv": [9.125, 3.75, 9.5, 4.25], "texture": "#1"},
				"west": {"uv": [5.875, 7.25, 6, 7.75], "texture": "#1"},
				"up": {"uv": [11.75, 7.625, 11.375, 7.5], "texture": "#1"},
				"down": {"uv": [8, 11.375, 7.625, 11.5], "texture": "#1"}
			}
		},
		{
			"from": [17, 1, -8],
			"to": [20, 2, -4],
			"faces": {
				"north": {"uv": [11.375, 7.625, 11.75, 7.75], "texture": "#1"},
				"east": {"uv": [9.125, 10.875, 9.625, 11], "texture": "#1"},
				"south": {"uv": [11.375, 7.75, 11.75, 7.875], "texture": "#1"},
				"west": {"uv": [9.625, 10.875, 10.125, 11], "texture": "#1"},
				"up": {"uv": [9.5, 9, 9.125, 8.5], "texture": "#1"},
				"down": {"uv": [9.5, 9, 9.125, 9.5], "texture": "#1"}
			}
		},
		{
			"from": [18, 2, -8],
			"to": [19, 6, -4],
			"faces": {
				"north": {"uv": [5.875, 9, 6, 9.5], "texture": "#1"},
				"east": {"uv": [5.375, 8.5, 5.875, 9], "texture": "#1"},
				"south": {"uv": [10.125, 10.875, 10.25, 11.375], "texture": "#1"},
				"west": {"uv": [7.625, 8.5, 8.125, 9], "texture": "#1"},
				"up": {"uv": [10.375, 11.375, 10.25, 10.875], "texture": "#1"},
				"down": {"uv": [10.5, 10.875, 10.375, 11.375], "texture": "#1"}
			}
		},
		{
			"from": [17, 6, -8],
			"to": [20, 7, -4],
			"faces": {
				"north": {"uv": [11.375, 7.875, 11.75, 8], "texture": "#1"},
				"east": {"uv": [11, 0, 11.5, 0.125], "texture": "#1"},
				"south": {"uv": [11.375, 8.5, 11.75, 8.625], "texture": "#1"},
				"west": {"uv": [11, 0.125, 11.5, 0.25], "texture": "#1"},
				"up": {"uv": [4.125, 9.75, 3.75, 9.25], "texture": "#1"},
				"down": {"uv": [7, 9.25, 6.625, 9.75], "texture": "#1"}
			}
		},
		{
			"from": [17, 2, -9],
			"to": [20, 6, -8],
			"faces": {
				"north": {"uv": [7, 9.25, 7.375, 9.75], "texture": "#1"},
				"east": {"uv": [10.5, 10.875, 10.625, 11.375], "texture": "#1"},
				"south": {"uv": [9.375, 7, 9.75, 7.5], "texture": "#1"},
				"west": {"uv": [10.625, 10.875, 10.75, 11.375], "texture": "#1"},
				"up": {"uv": [11.75, 8.75, 11.375, 8.625], "texture": "#1"},
				"down": {"uv": [11.75, 8.75, 11.375, 8.875], "texture": "#1"}
			}
		},
		{
			"from": [17, 2, 3],
			"to": [20, 6, 4],
			"faces": {
				"north": {"uv": [9.375, 7.5, 9.75, 8], "texture": "#1"},
				"east": {"uv": [11, 0.25, 11.125, 0.75], "texture": "#1"},
				"south": {"uv": [9.375, 8, 9.75, 8.5], "texture": "#1"},
				"west": {"uv": [11, 0.75, 11.125, 1.25], "texture": "#1"},
				"up": {"uv": [11.75, 9, 11.375, 8.875], "texture": "#1"},
				"down": {"uv": [11.75, 9.5, 11.375, 9.625], "texture": "#1"}
			}
		},
		{
			"from": [17, 1, -1],
			"to": [20, 2, 3],
			"faces": {
				"north": {"uv": [11.375, 9.625, 11.75, 9.75], "texture": "#1"},
				"east": {"uv": [11, 1.25, 11.5, 1.375], "texture": "#1"},
				"south": {"uv": [11.375, 9.75, 11.75, 9.875], "texture": "#1"},
				"west": {"uv": [11, 1.375, 11.5, 1.5], "texture": "#1"},
				"up": {"uv": [9.875, 4.25, 9.5, 3.75], "texture": "#1"},
				"down": {"uv": [4.5, 9.5, 4.125, 10], "texture": "#1"}
			}
		},
		{
			"from": [18, 2, -1],
			"to": [19, 6, 3],
			"faces": {
				"north": {"uv": [11, 3.75, 11.125, 4.25], "texture": "#1"},
				"east": {"uv": [8.125, 8.5, 8.625, 9], "texture": "#1"},
				"south": {"uv": [4.125, 11, 4.25, 11.5], "texture": "#1"},
				"west": {"uv": [8.625, 2.75, 9.125, 3.25], "texture": "#1"},
				"up": {"uv": [4.375, 11.5, 4.25, 11], "texture": "#1"},
				"down": {"uv": [11.125, 4.25, 11, 4.75], "texture": "#1"}
			}
		},
		{
			"from": [17, 6, -1],
			"to": [20, 7, 3],
			"faces": {
				"north": {"uv": [11.375, 9.875, 11.75, 10], "texture": "#1"},
				"east": {"uv": [4.375, 11, 4.875, 11.125], "texture": "#1"},
				"south": {"uv": [10.125, 11.375, 10.5, 11.5], "texture": "#1"},
				"west": {"uv": [11, 4.75, 11.5, 4.875], "texture": "#1"},
				"up": {"uv": [4.875, 10, 4.5, 9.5], "texture": "#1"},
				"down": {"uv": [5.25, 9.5, 4.875, 10], "texture": "#1"}
			}
		},
		{
			"from": [17, 2, -2],
			"to": [20, 6, -1],
			"faces": {
				"north": {"uv": [5.25, 9.5, 5.625, 10], "texture": "#1"},
				"east": {"uv": [4.875, 11, 5, 11.5], "texture": "#1"},
				"south": {"uv": [5.625, 9.5, 6, 10], "texture": "#1"},
				"west": {"uv": [5, 11, 5.125, 11.5], "texture": "#1"},
				"up": {"uv": [11.75, 10.625, 11.375, 10.5], "texture": "#1"},
				"down": {"uv": [11.75, 10.625, 11.375, 10.75], "texture": "#1"}
			}
		},
		{
			"from": [17, 2, 10],
			"to": [20, 6, 11],
			"faces": {
				"north": {"uv": [7.375, 9.5, 7.75, 10], "texture": "#1"},
				"east": {"uv": [5.125, 11, 5.25, 11.5], "texture": "#1"},
				"south": {"uv": [7.75, 9.5, 8.125, 10], "texture": "#1"},
				"west": {"uv": [5.25, 11, 5.375, 11.5], "texture": "#1"},
				"up": {"uv": [11.75, 10.875, 11.375, 10.75], "texture": "#1"},
				"down": {"uv": [11.75, 10.875, 11.375, 11], "texture": "#1"}
			}
		},
		{
			"from": [17, 1, 6],
			"to": [20, 2, 10],
			"faces": {
				"north": {"uv": [11.375, 11.25, 11.75, 11.375], "texture": "#1"},
				"east": {"uv": [11, 4.875, 11.5, 5], "texture": "#1"},
				"south": {"uv": [11.375, 11.375, 11.75, 11.5], "texture": "#1"},
				"west": {"uv": [11, 5, 11.5, 5.125], "texture": "#1"},
				"up": {"uv": [8.5, 10, 8.125, 9.5], "texture": "#1"},
				"down": {"uv": [8.875, 9.5, 8.5, 10], "texture": "#1"}
			}
		},
		{
			"from": [18, 2, 6],
			"to": [19, 6, 10],
			"faces": {
				"north": {"uv": [5.375, 11, 5.5, 11.5], "texture": "#1"},
				"east": {"uv": [8.625, 3.25, 9.125, 3.75], "texture": "#1"},
				"south": {"uv": [5.5, 11, 5.625, 11.5], "texture": "#1"},
				"west": {"uv": [8.625, 3.75, 9.125, 4.25], "texture": "#1"},
				"up": {"uv": [5.75, 11.5, 5.625, 11], "texture": "#1"},
				"down": {"uv": [5.875, 11, 5.75, 11.5], "texture": "#1"}
			}
		},
		{
			"from": [17, 6, 6],
			"to": [20, 7, 10],
			"faces": {
				"north": {"uv": [0, 11.5, 0.375, 11.625], "texture": "#1"},
				"east": {"uv": [11, 5.125, 11.5, 5.25], "texture": "#1"},
				"south": {"uv": [11.5, 0, 11.875, 0.125], "texture": "#1"},
				"west": {"uv": [8.5, 11, 9, 11.125], "texture": "#1"},
				"up": {"uv": [9.875, 9, 9.5, 8.5], "texture": "#1"},
				"down": {"uv": [9.25, 9.5, 8.875, 10], "texture": "#1"}
			}
		},
		{
			"from": [17, 2, 5],
			"to": [20, 6, 6],
			"faces": {
				"north": {"uv": [9.5, 9, 9.875, 9.5], "texture": "#1"},
				"east": {"uv": [5.875, 11, 6, 11.5], "texture": "#1"},
				"south": {"uv": [9.25, 9.5, 9.625, 10], "texture": "#1"},
				"west": {"uv": [11, 8.5, 11.125, 9], "texture": "#1"},
				"up": {"uv": [11.875, 0.25, 11.5, 0.125], "texture": "#1"},
				"down": {"uv": [0.75, 11.5, 0.375, 11.625], "texture": "#1"}
			}
		},
		{
			"from": [17, 2, 17],
			"to": [20, 6, 18],
			"faces": {
				"north": {"uv": [9.625, 2.75, 10, 3.25], "texture": "#1"},
				"east": {"uv": [9, 11, 9.125, 11.5], "texture": "#1"},
				"south": {"uv": [9.625, 3.25, 10, 3.75], "texture": "#1"},
				"west": {"uv": [9.125, 11, 9.25, 11.5], "texture": "#1"},
				"up": {"uv": [11.875, 0.625, 11.5, 0.5], "texture": "#1"},
				"down": {"uv": [11.875, 0.625, 11.5, 0.75], "texture": "#1"}
			}
		},
		{
			"from": [17, 1, 13],
			"to": [20, 2, 17],
			"faces": {
				"north": {"uv": [0.75, 11.5, 1.125, 11.625], "texture": "#1"},
				"east": {"uv": [11, 9, 11.5, 9.125], "texture": "#1"},
				"south": {"uv": [11.5, 0.75, 11.875, 0.875], "texture": "#1"},
				"west": {"uv": [11, 9.125, 11.5, 9.25], "texture": "#1"},
				"up": {"uv": [10, 6, 9.625, 5.5], "texture": "#1"},
				"down": {"uv": [10, 9.5, 9.625, 10], "texture": "#1"}
			}
		},
		{
			"from": [18, 2, 13],
			"to": [19, 6, 17],
			"faces": {
				"north": {"uv": [9.25, 11, 9.375, 11.5], "texture": "#1"},
				"east": {"uv": [8.625, 8.5, 9.125, 9], "texture": "#1"},
				"south": {"uv": [9.375, 11, 9.5, 11.5], "texture": "#1"},
				"west": {"uv": [6.625, 8.75, 7.125, 9.25], "texture": "#1"},
				"up": {"uv": [9.625, 11.5, 9.5, 11], "texture": "#1"},
				"down": {"uv": [9.75, 11, 9.625, 11.5], "texture": "#1"}
			}
		},
		{
			"from": [17, 6, 13],
			"to": [20, 7, 17],
			"faces": {
				"north": {"uv": [11.5, 0.875, 11.875, 1], "texture": "#1"},
				"east": {"uv": [11.125, 0.25, 11.625, 0.375], "texture": "#1"},
				"south": {"uv": [1.125, 11.5, 1.5, 11.625], "texture": "#1"},
				"west": {"uv": [11.125, 0.375, 11.625, 0.5], "texture": "#1"},
				"up": {"uv": [4.125, 10.25, 3.75, 9.75], "texture": "#1"},
				"down": {"uv": [7, 9.75, 6.625, 10.25], "texture": "#1"}
			}
		},
		{
			"from": [17, 2, 12],
			"to": [20, 6, 13],
			"faces": {
				"north": {"uv": [7, 9.75, 7.375, 10.25], "texture": "#1"},
				"east": {"uv": [9.75, 11, 9.875, 11.5], "texture": "#1"},
				"south": {"uv": [9.75, 7, 10.125, 7.5], "texture": "#1"},
				"west": {"uv": [9.875, 11, 10, 11.5], "texture": "#1"},
				"up": {"uv": [11.875, 1.375, 11.5, 1.25], "texture": "#1"},
				"down": {"uv": [11.875, 1.375, 11.5, 1.5], "texture": "#1"}
			}
		},
		{
			"from": [17, 2, 24],
			"to": [20, 6, 25],
			"faces": {
				"north": {"uv": [9.75, 7.5, 10.125, 8], "texture": "#1"},
				"east": {"uv": [10, 11, 10.125, 11.5], "texture": "#1"},
				"south": {"uv": [9.75, 8, 10.125, 8.5], "texture": "#1"},
				"west": {"uv": [11.125, 0.5, 11.25, 1], "texture": "#1"},
				"up": {"uv": [1.875, 11.625, 1.5, 11.5], "texture": "#1"},
				"down": {"uv": [11.875, 1.5, 11.5, 1.625], "texture": "#1"}
			}
		},
		{
			"from": [17, 1, 20],
			"to": [20, 2, 24],
			"faces": {
				"north": {"uv": [11.5, 1.625, 11.875, 1.75], "texture": "#1"},
				"east": {"uv": [11.125, 1, 11.625, 1.125], "texture": "#1"},
				"south": {"uv": [1.875, 11.5, 2.25, 11.625], "texture": "#1"},
				"west": {"uv": [11.125, 1.125, 11.625, 1.25], "texture": "#1"},
				"up": {"uv": [10.25, 4.25, 9.875, 3.75], "texture": "#1"},
				"down": {"uv": [10.25, 4.25, 9.875, 4.75], "texture": "#1"}
			}
		},
		{
			"from": [18, 2, 20],
			"to": [19, 6, 24],
			"faces": {
				"north": {"uv": [11.125, 2.75, 11.25, 3.25], "texture": "#1"},
				"east": {"uv": [7.125, 8.75, 7.625, 9.25], "texture": "#1"},
				"south": {"uv": [3.75, 11.125, 3.875, 11.625], "texture": "#1"},
				"west": {"uv": [8.875, 7, 9.375, 7.5], "texture": "#1"},
				"up": {"uv": [11.25, 4.25, 11.125, 3.75], "texture": "#1"},
				"down": {"uv": [4, 11.125, 3.875, 11.625], "texture": "#1"}
			}
		},
		{
			"from": [17, 6, 20],
			"to": [20, 7, 24],
			"faces": {
				"north": {"uv": [2.25, 11.5, 2.625, 11.625], "texture": "#1"},
				"east": {"uv": [11.125, 3.25, 11.625, 3.375], "texture": "#1"},
				"south": {"uv": [2.625, 11.5, 3, 11.625], "texture": "#1"},
				"west": {"uv": [11.125, 3.375, 11.625, 3.5], "texture": "#1"},
				"up": {"uv": [10.25, 5.25, 9.875, 4.75], "texture": "#1"},
				"down": {"uv": [10.25, 8.5, 9.875, 9], "texture": "#1"}
			}
		},
		{
			"from": [17, 2, 19],
			"to": [20, 6, 20],
			"faces": {
				"north": {"uv": [9.875, 9, 10.25, 9.5], "texture": "#1"},
				"east": {"uv": [4, 11.125, 4.125, 11.625], "texture": "#1"},
				"south": {"uv": [10, 2.75, 10.375, 3.25], "texture": "#1"},
				"west": {"uv": [11.125, 4.25, 11.25, 4.75], "texture": "#1"},
				"up": {"uv": [11.875, 2.875, 11.5, 2.75], "texture": "#1"},
				"down": {"uv": [11.875, 2.875, 11.5, 3], "texture": "#1"}
			}
		},
		{
			"from": [17, 3, 30],
			"to": [20, 6, 31],
			"faces": {
				"north": {"uv": [10.5, 7, 10.875, 7.375], "texture": "#1"},
				"east": {"uv": [8, 11.375, 8.125, 11.75], "texture": "#1"},
				"south": {"uv": [7.375, 10.5, 7.75, 10.875], "texture": "#1"},
				"west": {"uv": [10.5, 11.375, 10.625, 11.75], "texture": "#1"},
				"up": {"uv": [3.375, 11.625, 3, 11.5], "texture": "#1"},
				"down": {"uv": [11.875, 3, 11.5, 3.125], "texture": "#1"}
			}
		},
		{
			"from": [17, 2, 27],
			"to": [20, 3, 30],
			"faces": {
				"north": {"uv": [11.5, 3.125, 11.875, 3.25], "texture": "#1"},
				"east": {"uv": [3.375, 11.5, 3.75, 11.625], "texture": "#1"},
				"south": {"uv": [11.5, 3.5, 11.875, 3.625], "texture": "#1"},
				"west": {"uv": [11.5, 3.625, 11.875, 3.75], "texture": "#1"},
				"up": {"uv": [10.875, 7.75, 10.5, 7.375], "texture": "#1"},
				"down": {"uv": [8.125, 10.5, 7.75, 10.875], "texture": "#1"}
			}
		},
		{
			"from": [18, 3, 27],
			"to": [19, 6, 30],
			"faces": {
				"north": {"uv": [10.625, 11.375, 10.75, 11.75], "texture": "#1"},
				"east": {"uv": [10.5, 7.75, 10.875, 8.125], "texture": "#1"},
				"south": {"uv": [4.125, 11.5, 4.25, 11.875], "texture": "#1"},
				"west": {"uv": [8.125, 10.5, 8.5, 10.875], "texture": "#1"},
				"up": {"uv": [4.375, 11.875, 4.25, 11.5], "texture": "#1"},
				"down": {"uv": [11.625, 4.25, 11.5, 4.625], "texture": "#1"}
			}
		},
		{
			"from": [17, 6, 27],
			"to": [20, 7, 30],
			"faces": {
				"north": {"uv": [11.5, 3.75, 11.875, 3.875], "texture": "#1"},
				"east": {"uv": [11.5, 3.875, 11.875, 4], "texture": "#1"},
				"south": {"uv": [11.5, 4.625, 11.875, 4.75], "texture": "#1"},
				"west": {"uv": [11.5, 4.75, 11.875, 4.875], "texture": "#1"},
				"up": {"uv": [10.875, 8.5, 10.5, 8.125], "texture": "#1"},
				"down": {"uv": [8.875, 10.5, 8.5, 10.875], "texture": "#1"}
			}
		},
		{
			"from": [17, 3, 26],
			"to": [20, 6, 27],
			"faces": {
				"north": {"uv": [8.875, 10.5, 9.25, 10.875], "texture": "#1"},
				"east": {"uv": [4.875, 11.5, 5, 11.875], "texture": "#1"},
				"south": {"uv": [9.25, 10.5, 9.625, 10.875], "texture": "#1"},
				"west": {"uv": [11.5, 4.875, 11.625, 5.25], "texture": "#1"},
				"up": {"uv": [5.375, 11.625, 5, 11.5], "texture": "#1"},
				"down": {"uv": [5.75, 11.5, 5.375, 11.625], "texture": "#1"}
			}
		},
		{
			"from": [17, 3, -11],
			"to": [20, 6, -10],
			"faces": {
				"north": {"uv": [9.625, 10.5, 10, 10.875], "texture": "#1"},
				"east": {"uv": [5.75, 11.5, 5.875, 11.875], "texture": "#1"},
				"south": {"uv": [10, 10.5, 10.375, 10.875], "texture": "#1"},
				"west": {"uv": [5.875, 11.5, 6, 11.875], "texture": "#1"},
				"up": {"uv": [6.375, 11.625, 6, 11.5], "texture": "#1"},
				"down": {"uv": [11.875, 7, 11.5, 7.125], "texture": "#1"}
			}
		},
		{
			"from": [17, 2, -14],
			"to": [20, 3, -11],
			"faces": {
				"north": {"uv": [11.5, 7.125, 11.875, 7.25], "texture": "#1"},
				"east": {"uv": [11.5, 7.25, 11.875, 7.375], "texture": "#1"},
				"south": {"uv": [11.5, 7.375, 11.875, 7.5], "texture": "#1"},
				"west": {"uv": [7.625, 11.5, 8, 11.625], "texture": "#1"},
				"up": {"uv": [10.75, 10.875, 10.375, 10.5], "texture": "#1"},
				"down": {"uv": [11, 0, 10.625, 0.375], "texture": "#1"}
			}
		},
		{
			"from": [18, 3, -14],
			"to": [19, 6, -11],
			"faces": {
				"north": {"uv": [6.375, 11.5, 6.5, 11.875], "texture": "#1"},
				"east": {"uv": [10.625, 0.375, 11, 0.75], "texture": "#1"},
				"south": {"uv": [6.5, 11.5, 6.625, 11.875], "texture": "#1"},
				"west": {"uv": [10.625, 0.75, 11, 1.125], "texture": "#1"},
				"up": {"uv": [11.625, 8.5, 11.5, 8.125], "texture": "#1"},
				"down": {"uv": [9.125, 11.5, 9, 11.875], "texture": "#1"}
			}
		},
		{
			"from": [17, 6, -14],
			"to": [20, 7, -11],
			"faces": {
				"north": {"uv": [11.5, 9, 11.875, 9.125], "texture": "#1"},
				"east": {"uv": [9.125, 11.5, 9.5, 11.625], "texture": "#1"},
				"south": {"uv": [11.5, 9.125, 11.875, 9.25], "texture": "#1"},
				"west": {"uv": [9.5, 11.5, 9.875, 11.625], "texture": "#1"},
				"up": {"uv": [11, 1.5, 10.625, 1.125], "texture": "#1"},
				"down": {"uv": [11, 3.75, 10.625, 4.125], "texture": "#1"}
			}
		},
		{
			"from": [17, 3, -15],
			"to": [20, 6, -14],
			"faces": {
				"north": {"uv": [10.625, 4.125, 11, 4.5], "texture": "#1"},
				"east": {"uv": [9.875, 11.5, 10, 11.875], "texture": "#1"},
				"south": {"uv": [10.625, 4.5, 11, 4.875], "texture": "#1"},
				"west": {"uv": [10, 11.5, 10.125, 11.875], "texture": "#1"},
				"up": {"uv": [10.5, 11.625, 10.125, 11.5], "texture": "#1"},
				"down": {"uv": [11.75, 11.5, 11.375, 11.625], "texture": "#1"}
			}
		},
		{
			"from": [16, 0, -15],
			"to": [21, 1, 31],
			"faces": {
				"north": {"uv": [8.625, 4.25, 9.25, 4.375], "texture": "#1"},
				"east": {"uv": [7.625, 6, 13.375, 6.125], "texture": "#1"},
				"south": {"uv": [8.625, 4.375, 9.25, 4.5], "texture": "#1"},
				"west": {"uv": [7.625, 6.125, 13.375, 6.25], "texture": "#1"},
				"up": {"uv": [0.625, 11.5, 0, 5.75], "texture": "#1"},
				"down": {"uv": [1.25, 5.75, 0.625, 11.5], "texture": "#1"}
			}
		},
		{
			"from": [16, 1, 31],
			"to": [21, 7, 32],
			"faces": {
				"north": {"uv": [7.625, 7, 8.25, 7.75], "texture": "#1"},
				"east": {"uv": [3.75, 5.75, 3.875, 6.5], "texture": "#1"},
				"south": {"uv": [3.75, 7.75, 4.375, 8.5], "texture": "#1"},
				"west": {"uv": [3.875, 5.75, 4, 6.5], "texture": "#1"},
				"up": {"uv": [9.875, 4.375, 9.25, 4.25], "texture": "#1"},
				"down": {"uv": [9.875, 4.375, 9.25, 4.5], "texture": "#1"}
			}
		},
		{
			"from": [16, 1, -16],
			"to": [21, 7, -15],
			"faces": {
				"north": {"uv": [4.375, 7.75, 5, 8.5], "texture": "#1"},
				"east": {"uv": [3.75, 6.5, 3.875, 7.25], "texture": "#1"},
				"south": {"uv": [5, 7.75, 5.625, 8.5], "texture": "#1"},
				"west": {"uv": [3.875, 6.5, 4, 7.25], "texture": "#1"},
				"up": {"uv": [10.625, 5.875, 10, 5.75], "texture": "#1"},
				"down": {"uv": [10.625, 5.875, 10, 6], "texture": "#1"}
			}
		},
		{
			"from": [16, 7, -15],
			"to": [21, 8, 31],
			"faces": {
				"north": {"uv": [10.25, 1.5, 10.875, 1.625], "texture": "#1"},
				"east": {"uv": [7.625, 6.25, 13.375, 6.375], "texture": "#1"},
				"south": {"uv": [10.25, 1.625, 10.875, 1.75], "texture": "#1"},
				"west": {"uv": [7.625, 6.375, 13.375, 6.5], "texture": "#1"},
				"up": {"uv": [1.875, 11.5, 1.25, 5.75], "texture": "#1"},
				"down": {"uv": [2.5, 5.75, 1.875, 11.5], "texture": "#1"}
			}
		},
		{
			"from": [-4, 2, -4],
			"to": [-1, 6, -3],
			"faces": {
				"north": {"uv": [10, 3.25, 10.375, 3.75], "texture": "#1"},
				"east": {"uv": [4.375, 11.125, 4.5, 11.625], "texture": "#1"},
				"south": {"uv": [4.125, 10, 4.5, 10.5], "texture": "#1"},
				"west": {"uv": [4.5, 11.125, 4.625, 11.625], "texture": "#1"},
				"up": {"uv": [0.375, 11.75, 0, 11.625], "texture": "#1"},
				"down": {"uv": [12, 0.25, 11.625, 0.375], "texture": "#1"}
			}
		},
		{
			"from": [-4, 1, -8],
			"to": [-1, 2, -4],
			"faces": {
				"north": {"uv": [0.375, 11.625, 0.75, 11.75], "texture": "#1"},
				"east": {"uv": [11.125, 5.25, 11.625, 5.375], "texture": "#1"},
				"south": {"uv": [11.625, 0.375, 12, 0.5], "texture": "#1"},
				"west": {"uv": [11.125, 5.375, 11.625, 5.5], "texture": "#1"},
				"up": {"uv": [4.875, 10.5, 4.5, 10], "texture": "#1"},
				"down": {"uv": [5.25, 10, 4.875, 10.5], "texture": "#1"}
			}
		},
		{
			"from": [-3, 2, -8],
			"to": [-2, 6, -4],
			"faces": {
				"north": {"uv": [4.625, 11.125, 4.75, 11.625], "texture": "#1"},
				"east": {"uv": [8.875, 7.5, 9.375, 8], "texture": "#1"},
				"south": {"uv": [4.75, 11.125, 4.875, 11.625], "texture": "#1"},
				"west": {"uv": [8.875, 8, 9.375, 8.5], "texture": "#1"},
				"up": {"uv": [11.25, 6, 11.125, 5.5], "texture": "#1"},
				"down": {"uv": [6.75, 11.125, 6.625, 11.625], "texture": "#1"}
			}
		},
		{
			"from": [-4, 6, -8],
			"to": [-1, 7, -4],
			"faces": {
				"north": {"uv": [0.75, 11.625, 1.125, 11.75], "texture": "#1"},
				"east": {"uv": [6.75, 11.125, 7.25, 11.25], "texture": "#1"},
				"south": {"uv": [11.625, 1, 12, 1.125], "texture": "#1"},
				"west": {"uv": [8.5, 11.125, 9, 11.25], "texture": "#1"},
				"up": {"uv": [5.625, 10.5, 5.25, 10], "texture": "#1"},
				"down": {"uv": [10.375, 5.25, 10, 5.75], "texture": "#1"}
			}
		},
		{
			"from": [-4, 2, -9],
			"to": [-1, 6, -8],
			"faces": {
				"north": {"uv": [5.625, 10, 6, 10.5], "texture": "#1"},
				"east": {"uv": [7.25, 11.125, 7.375, 11.625], "texture": "#1"},
				"south": {"uv": [7.375, 10, 7.75, 10.5], "texture": "#1"},
				"west": {"uv": [11.125, 8.5, 11.25, 9], "texture": "#1"},
				"up": {"uv": [1.5, 11.75, 1.125, 11.625], "texture": "#1"},
				"down": {"uv": [12, 1.125, 11.625, 1.25], "texture": "#1"}
			}
		},
		{
			"from": [-4, 2, 3],
			"to": [-1, 6, 4],
			"faces": {
				"north": {"uv": [7.75, 10, 8.125, 10.5], "texture": "#1"},
				"east": {"uv": [11.125, 9.25, 11.25, 9.75], "texture": "#1"},
				"south": {"uv": [8.125, 10, 8.5, 10.5], "texture": "#1"},
				"west": {"uv": [11.125, 9.75, 11.25, 10.25], "texture": "#1"},
				"up": {"uv": [1.875, 11.75, 1.5, 11.625], "texture": "#1"},
				"down": {"uv": [2.25, 11.625, 1.875, 11.75], "texture": "#1"}
			}
		},
		{
			"from": [-4, 1, -1],
			"to": [-1, 2, 3],
			"faces": {
				"north": {"uv": [2.25, 11.625, 2.625, 11.75], "texture": "#1"},
				"east": {"uv": [11.125, 10.25, 11.625, 10.375], "texture": "#1"},
				"south": {"uv": [2.625, 11.625, 3, 11.75], "texture": "#1"},
				"west": {"uv": [11.125, 10.375, 11.625, 10.5], "texture": "#1"},
				"up": {"uv": [8.875, 10.5, 8.5, 10], "texture": "#1"},
				"down": {"uv": [9.25, 10, 8.875, 10.5], "texture": "#1"}
			}
		},
		{
			"from": [-3, 2, -1],
			"to": [-2, 6, 3],
			"faces": {
				"north": {"uv": [11.125, 10.5, 11.25, 11], "texture": "#1"},
				"east": {"uv": [4.375, 9, 4.875, 9.5], "texture": "#1"},
				"south": {"uv": [10.75, 11.125, 10.875, 11.625], "texture": "#1"},
				"west": {"uv": [4.875, 9, 5.375, 9.5], "texture": "#1"},
				"up": {"uv": [11, 11.625, 10.875, 11.125], "texture": "#1"},
				"down": {"uv": [11.125, 11.125, 11, 11.625], "texture": "#1"}
			}
		},
		{
			"from": [-4, 6, -1],
			"to": [-1, 7, 3],
			"faces": {
				"north": {"uv": [3, 11.625, 3.375, 11.75], "texture": "#1"},
				"east": {"uv": [11.125, 11, 11.625, 11.125], "texture": "#1"},
				"south": {"uv": [11.625, 3.25, 12, 3.375], "texture": "#1"},
				"west": {"uv": [11.125, 11.125, 11.625, 11.25], "texture": "#1"},
				"up": {"uv": [9.625, 10.5, 9.25, 10], "texture": "#1"},
				"down": {"uv": [10.375, 9.5, 10, 10], "texture": "#1"}
			}
		},
		{
			"from": [-4, 2, -2],
			"to": [-1, 6, -1],
			"faces": {
				"north": {"uv": [9.625, 10, 10, 10.5], "texture": "#1"},
				"east": {"uv": [11.25, 0.5, 11.375, 1], "texture": "#1"},
				"south": {"uv": [10, 10, 10.375, 10.5], "texture": "#1"},
				"west": {"uv": [11.25, 2.75, 11.375, 3.25], "texture": "#1"},
				"up": {"uv": [3.75, 11.75, 3.375, 11.625], "texture": "#1"},
				"down": {"uv": [12, 3.375, 11.625, 3.5], "texture": "#1"}
			}
		},
		{
			"from": [-4, 2, 10],
			"to": [-1, 6, 11],
			"faces": {
				"north": {"uv": [10.125, 7, 10.5, 7.5], "texture": "#1"},
				"east": {"uv": [11.25, 3.75, 11.375, 4.25], "texture": "#1"},
				"south": {"uv": [10.125, 7.5, 10.5, 8], "texture": "#1"},
				"west": {"uv": [11.25, 4.25, 11.375, 4.75], "texture": "#1"},
				"up": {"uv": [4.125, 11.75, 3.75, 11.625], "texture": "#1"},
				"down": {"uv": [12, 4.25, 11.625, 4.375], "texture": "#1"}
			}
		},
		{
			"from": [-4, 1, 6],
			"to": [-1, 2, 10],
			"faces": {
				"north": {"uv": [4.375, 11.625, 4.75, 11.75], "texture": "#1"},
				"east": {"uv": [11.25, 5.5, 11.75, 5.625], "texture": "#1"},
				"south": {"uv": [11.625, 4.375, 12, 4.5], "texture": "#1"},
				"west": {"uv": [11.25, 5.625, 11.75, 5.75], "texture": "#1"},
				"up": {"uv": [10.5, 8.5, 10.125, 8], "texture": "#1"},
				"down": {"uv": [10.625, 0, 10.25, 0.5], "texture": "#1"}
			}
		},
		{
			"from": [-3, 2, 6],
			"to": [-2, 6, 10],
			"faces": {
				"north": {"uv": [6.75, 11.25, 6.875, 11.75], "texture": "#1"},
				"east": {"uv": [5.375, 9, 5.875, 9.5], "texture": "#1"},
				"south": {"uv": [6.875, 11.25, 7, 11.75], "texture": "#1"},
				"west": {"uv": [7.625, 9, 8.125, 9.5], "texture": "#1"},
				"up": {"uv": [7.125, 11.75, 7, 11.25], "texture": "#1"},
				"down": {"uv": [11.375, 7, 11.25, 7.5], "texture": "#1"}
			}
		},
		{
			"from": [-4, 6, 6],
			"to": [-1, 7, 10],
			"faces": {
				"north": {"uv": [11.625, 4.5, 12, 4.625], "texture": "#1"},
				"east": {"uv": [11.25, 5.75, 11.75, 5.875], "texture": "#1"},
				"south": {"uv": [11.625, 4.875, 12, 5], "texture": "#1"},
				"west": {"uv": [11.25, 5.875, 11.75, 6], "texture": "#1"},
				"up": {"uv": [10.625, 1, 10.25, 0.5], "texture": "#1"},
				"down": {"uv": [10.625, 1, 10.25, 1.5], "texture": "#1"}
			}
		},
		{
			"from": [-4, 2, 5],
			"to": [-1, 6, 6],
			"faces": {
				"north": {"uv": [3.75, 10.25, 4.125, 10.75], "texture": "#1"},
				"east": {"uv": [7.125, 11.25, 7.25, 11.75], "texture": "#1"},
				"south": {"uv": [10.25, 3.75, 10.625, 4.25], "texture": "#1"},
				"west": {"uv": [7.375, 11.25, 7.5, 11.75], "texture": "#1"},
				"up": {"uv": [5.375, 11.75, 5, 11.625], "texture": "#1"},
				"down": {"uv": [12, 5, 11.625, 5.125], "texture": "#1"}
			}
		},
		{
			"from": [-4, 2, 17],
			"to": [-1, 6, 18],
			"faces": {
				"north": {"uv": [10.25, 4.25, 10.625, 4.75], "texture": "#1"},
				"east": {"uv": [7.5, 11.25, 7.625, 11.75], "texture": "#1"},
				"south": {"uv": [10.25, 4.75, 10.625, 5.25], "texture": "#1"},
				"west": {"uv": [11.25, 7.5, 11.375, 8], "texture": "#1"},
				"up": {"uv": [12, 5.25, 11.625, 5.125], "texture": "#1"},
				"down": {"uv": [12, 5.25, 11.625, 5.375], "texture": "#1"}
			}
		},
		{
			"from": [-4, 1, 13],
			"to": [-1, 2, 17],
			"faces": {
				"north": {"uv": [5.375, 11.625, 5.75, 11.75], "texture": "#1"},
				"east": {"uv": [7.625, 11.25, 8.125, 11.375], "texture": "#1"},
				"south": {"uv": [11.625, 5.375, 12, 5.5], "texture": "#1"},
				"west": {"uv": [11.25, 8, 11.75, 8.125], "texture": "#1"},
				"up": {"uv": [7, 10.75, 6.625, 10.25], "texture": "#1"},
				"down": {"uv": [7.375, 10.25, 7, 10.75], "texture": "#1"}
			}
		},
		{
			"from": [-3, 2, 13],
			"to": [-2, 6, 17],
			"faces": {
				"north": {"uv": [8.5, 11.25, 8.625, 11.75], "texture": "#1"},
				"east": {"uv": [8.125, 9, 8.625, 9.5], "texture": "#1"},
				"south": {"uv": [11.25, 8.5, 11.375, 9], "texture": "#1"},
				"west": {"uv": [8.625, 9, 9.125, 9.5], "texture": "#1"},
				"up": {"uv": [8.75, 11.75, 8.625, 11.25], "texture": "#1"},
				"down": {"uv": [8.875, 11.25, 8.75, 11.75], "texture": "#1"}
			}
		},
		{
			"from": [-4, 6, 13],
			"to": [-1, 7, 17],
			"faces": {
				"north": {"uv": [6, 11.625, 6.375, 11.75], "texture": "#1"},
				"east": {"uv": [11.25, 9.25, 11.75, 9.375], "texture": "#1"},
				"south": {"uv": [7.625, 11.625, 8, 11.75], "texture": "#1"},
				"west": {"uv": [11.25, 9.375, 11.75, 9.5], "texture": "#1"},
				"up": {"uv": [10.625, 9, 10.25, 8.5], "texture": "#1"},
				"down": {"uv": [10.625, 9, 10.25, 9.5], "texture": "#1"}
			}
		},
		{
			"from": [-4, 2, 12],
			"to": [-1, 6, 13],
			"faces": {
				"north": {"uv": [10.375, 2.75, 10.75, 3.25], "texture": "#1"},
				"east": {"uv": [8.875, 11.25, 9, 11.75], "texture": "#1"},
				"south": {"uv": [10.375, 3.25, 10.75, 3.75], "texture": "#1"},
				"west": {"uv": [11.25, 9.5, 11.375, 10], "texture": "#1"},
				"up": {"uv": [8.5, 11.75, 8.125, 11.625], "texture": "#1"},
				"down": {"uv": [12, 8.125, 11.625, 8.25], "texture": "#1"}
			}
		},
		{
			"from": [-4, 2, 24],
			"to": [-1, 6, 25],
			"faces": {
				"north": {"uv": [10.375, 5.25, 10.75, 5.75], "texture": "#1"},
				"east": {"uv": [11.25, 10.5, 11.375, 11], "texture": "#1"},
				"south": {"uv": [10.375, 9.5, 10.75, 10], "texture": "#1"},
				"west": {"uv": [11.125, 11.25, 11.25, 11.75], "texture": "#1"},
				"up": {"uv": [12, 8.375, 11.625, 8.25], "texture": "#1"},
				"down": {"uv": [12, 8.375, 11.625, 8.5], "texture": "#1"}
			}
		},
		{
			"from": [-4, 1, 20],
			"to": [-1, 2, 24],
			"faces": {
				"north": {"uv": [9.125, 11.625, 9.5, 11.75], "texture": "#1"},
				"east": {"uv": [11.25, 10, 11.75, 10.125], "texture": "#1"},
				"south": {"uv": [9.5, 11.625, 9.875, 11.75], "texture": "#1"},
				"west": {"uv": [11.25, 10.125, 11.75, 10.25], "texture": "#1"},
				"up": {"uv": [10.75, 10.5, 10.375, 10], "texture": "#1"},
				"down": {"uv": [4.5, 10.5, 4.125, 11], "texture": "#1"}
			}
		},
		{
			"from": [-3, 2, 20],
			"to": [-2, 6, 24],
			"faces": {
				"north": {"uv": [11.25, 11.25, 11.375, 11.75], "texture": "#1"},
				"east": {"uv": [9.125, 2.75, 9.625, 3.25], "texture": "#1"},
				"south": {"uv": [11.375, 0.5, 11.5, 1], "texture": "#1"},
				"west": {"uv": [9.125, 3.25, 9.625, 3.75], "texture": "#1"},
				"up": {"uv": [11.5, 3.25, 11.375, 2.75], "texture": "#1"},
				"down": {"uv": [11.5, 3.5, 11.375, 4], "texture": "#1"}
			}
		},
		{
			"from": [-4, 6, 20],
			"to": [-1, 7, 24],
			"faces": {
				"north": {"uv": [10.125, 11.625, 10.5, 11.75], "texture": "#1"},
				"east": {"uv": [11.375, 4, 11.875, 4.125], "texture": "#1"},
				"south": {"uv": [11.625, 10.25, 12, 10.375], "texture": "#1"},
				"west": {"uv": [11.375, 4.125, 11.875, 4.25], "texture": "#1"},
				"up": {"uv": [4.875, 11, 4.5, 10.5], "texture": "#1"},
				"down": {"uv": [5.25, 10.5, 4.875, 11], "texture": "#1"}
			}
		},
		{
			"from": [-4, 2, 19],
			"to": [-1, 6, 20],
			"faces": {
				"north": {"uv": [5.25, 10.5, 5.625, 11], "texture": "#1"},
				"east": {"uv": [11.375, 4.25, 11.5, 4.75], "texture": "#1"},
				"south": {"uv": [5.625, 10.5, 6, 11], "texture": "#1"},
				"west": {"uv": [11.375, 7, 11.5, 7.5], "texture": "#1"},
				"up": {"uv": [12, 10.5, 11.625, 10.375], "texture": "#1"},
				"down": {"uv": [11.125, 11.625, 10.75, 11.75], "texture": "#1"}
			}
		},
		{
			"from": [-4, 3, 30],
			"to": [-1, 6, 31],
			"faces": {
				"north": {"uv": [10.625, 4.875, 11, 5.25], "texture": "#1"},
				"east": {"uv": [4.75, 11.625, 4.875, 12], "texture": "#1"},
				"south": {"uv": [10.625, 8.5, 11, 8.875], "texture": "#1"},
				"west": {"uv": [6.625, 11.625, 6.75, 12], "texture": "#1"},
				"up": {"uv": [12, 11.125, 11.625, 11], "texture": "#1"},
				"down": {"uv": [12, 11.125, 11.625, 11.25], "texture": "#1"}
			}
		},
		{
			"from": [-4, 2, 27],
			"to": [-1, 3, 30],
			"faces": {
				"north": {"uv": [11.375, 11.625, 11.75, 11.75], "texture": "#1"},
				"east": {"uv": [0, 11.75, 0.375, 11.875], "texture": "#1"},
				"south": {"uv": [0.375, 11.75, 0.75, 11.875], "texture": "#1"},
				"west": {"uv": [0.75, 11.75, 1.125, 11.875], "texture": "#1"},
				"up": {"uv": [11, 9.25, 10.625, 8.875], "texture": "#1"},
				"down": {"uv": [11.125, 2.75, 10.75, 3.125], "texture": "#1"}
			}
		},
		{
			"from": [-3, 3, 27],
			"to": [-2, 6, 30],
			"faces": {
				"north": {"uv": [7.25, 11.625, 7.375, 12], "texture": "#1"},
				"east": {"uv": [10.75, 3.125, 11.125, 3.5], "texture": "#1"},
				"south": {"uv": [1.125, 11.75, 1.25, 12.125], "texture": "#1"},
				"west": {"uv": [3.75, 10.75, 4.125, 11.125], "texture": "#1"},
				"up": {"uv": [1.375, 12.125, 1.25, 11.75], "texture": "#1"},
				"down": {"uv": [1.5, 11.75, 1.375, 12.125], "texture": "#1"}
			}
		},
		{
			"from": [-4, 6, 27],
			"to": [-1, 7, 30],
			"faces": {
				"north": {"uv": [1.5, 11.75, 1.875, 11.875], "texture": "#1"},
				"east": {"uv": [1.875, 11.75, 2.25, 11.875], "texture": "#1"},
				"south": {"uv": [2.25, 11.75, 2.625, 11.875], "texture": "#1"},
				"west": {"uv": [2.625, 11.75, 3, 11.875], "texture": "#1"},
				"up": {"uv": [11.125, 5.625, 10.75, 5.25], "texture": "#1"},
				"down": {"uv": [11.125, 5.625, 10.75, 6], "texture": "#1"}
			}
		},
		{
			"from": [-4, 3, 26],
			"to": [-1, 6, 27],
			"faces": {
				"north": {"uv": [6.625, 10.75, 7, 11.125], "texture": "#1"},
				"east": {"uv": [3, 11.75, 3.125, 12.125], "texture": "#1"},
				"south": {"uv": [7, 10.75, 7.375, 11.125], "texture": "#1"},
				"west": {"uv": [3.125, 11.75, 3.25, 12.125], "texture": "#1"},
				"up": {"uv": [3.625, 11.875, 3.25, 11.75], "texture": "#1"},
				"down": {"uv": [4, 11.75, 3.625, 11.875], "texture": "#1"}
			}
		},
		{
			"from": [-4, 3, -11],
			"to": [-1, 6, -10],
			"faces": {
				"north": {"uv": [10.75, 9.25, 11.125, 9.625], "texture": "#1"},
				"east": {"uv": [4, 11.75, 4.125, 12.125], "texture": "#1"},
				"south": {"uv": [10.75, 9.625, 11.125, 10], "texture": "#1"},
				"west": {"uv": [4.375, 11.75, 4.5, 12.125], "texture": "#1"},
				"up": {"uv": [5.375, 11.875, 5, 11.75], "texture": "#1"},
				"down": {"uv": [5.75, 11.75, 5.375, 11.875], "texture": "#1"}
			}
		},
		{
			"from": [-4, 2, -14],
			"to": [-1, 3, -11],
			"faces": {
				"north": {"uv": [11.75, 5.5, 12.125, 5.625], "texture": "#1"},
				"east": {"uv": [11.75, 5.625, 12.125, 5.75], "texture": "#1"},
				"south": {"uv": [11.75, 5.75, 12.125, 5.875], "texture": "#1"},
				"west": {"uv": [11.75, 5.875, 12.125, 6], "texture": "#1"},
				"up": {"uv": [11.125, 10.375, 10.75, 10], "texture": "#1"},
				"down": {"uv": [11.125, 10.375, 10.75, 10.75], "texture": "#1"}
			}
		},
		{
			"from": [-3, 3, -14],
			"to": [-2, 6, -11],
			"faces": {
				"north": {"uv": [4.5, 11.75, 4.625, 12.125], "texture": "#1"},
				"east": {"uv": [10.75, 10.75, 11.125, 11.125], "texture": "#1"},
				"south": {"uv": [4.625, 11.75, 4.75, 12.125], "texture": "#1"},
				"west": {"uv": [10.875, 7, 11.25, 7.375], "texture": "#1"},
				"up": {"uv": [6.125, 12.125, 6, 11.75], "texture": "#1"},
				"down": {"uv": [6.25, 11.75, 6.125, 12.125], "texture": "#1"}
			}
		},
		{
			"from": [-4, 6, -14],
			"to": [-1, 7, -11],
			"faces": {
				"north": {"uv": [6.75, 11.75, 7.125, 11.875], "texture": "#1"},
				"east": {"uv": [7.375, 11.75, 7.75, 11.875], "texture": "#1"},
				"south": {"uv": [11.75, 7.5, 12.125, 7.625], "texture": "#1"},
				"west": {"uv": [11.75, 7.625, 12.125, 7.75], "texture": "#1"},
				"up": {"uv": [7.75, 11.25, 7.375, 10.875], "texture": "#1"},
				"down": {"uv": [11.25, 7.375, 10.875, 7.75], "texture": "#1"}
			}
		},
		{
			"from": [-4, 3, -15],
			"to": [-1, 6, -14],
			"faces": {
				"north": {"uv": [7.75, 10.875, 8.125, 11.25], "texture": "#1"},
				"east": {"uv": [6.25, 11.75, 6.375, 12.125], "texture": "#1"},
				"south": {"uv": [10.875, 7.75, 11.25, 8.125], "texture": "#1"},
				"west": {"uv": [7.125, 11.75, 7.25, 12.125], "texture": "#1"},
				"up": {"uv": [8.125, 11.875, 7.75, 11.75], "texture": "#1"},
				"down": {"uv": [12.125, 7.75, 11.75, 7.875], "texture": "#1"}
			}
		},
		{
			"from": [-5, 0, -15],
			"to": [0, 1, 31],
			"faces": {
				"north": {"uv": [10.75, 3.5, 11.375, 3.625], "texture": "#1"},
				"east": {"uv": [7.625, 6.5, 13.375, 6.625], "texture": "#1"},
				"south": {"uv": [10.75, 3.625, 11.375, 3.75], "texture": "#1"},
				"west": {"uv": [7.625, 6.625, 13.375, 6.75], "texture": "#1"},
				"up": {"uv": [3.125, 11.5, 2.5, 5.75], "texture": "#1"},
				"down": {"uv": [3.75, 5.75, 3.125, 11.5], "texture": "#1"}
			}
		},
		{
			"from": [-5, 1, 31],
			"to": [0, 7, 32],
			"faces": {
				"north": {"uv": [7.625, 7.75, 8.25, 8.5], "texture": "#1"},
				"east": {"uv": [5.875, 8.25, 6, 9], "texture": "#1"},
				"south": {"uv": [8.25, 7, 8.875, 7.75], "texture": "#1"},
				"west": {"uv": [8.125, 10.875, 8.25, 11.625], "texture": "#1"},
				"up": {"uv": [11.5, 1.625, 10.875, 1.5], "texture": "#1"},
				"down": {"uv": [11.5, 1.625, 10.875, 1.75], "texture": "#1"}
			}
		},
		{
			"from": [-5, 1, -16],
			"to": [0, 7, -15],
			"faces": {
				"north": {"uv": [8.25, 7.75, 8.875, 8.5], "texture": "#1"},
				"east": {"uv": [8.25, 10.875, 8.375, 11.625], "texture": "#1"},
				"south": {"uv": [3.75, 8.5, 4.375, 9.25], "texture": "#1"},
				"west": {"uv": [8.375, 10.875, 8.5, 11.625], "texture": "#1"},
				"up": {"uv": [11.5, 8.25, 10.875, 8.125], "texture": "#1"},
				"down": {"uv": [11.5, 8.25, 10.875, 8.375], "texture": "#1"}
			}
		},
		{
			"from": [-5, 7, -15],
			"to": [0, 8, 31],
			"faces": {
				"north": {"uv": [10.875, 8.375, 11.5, 8.5], "texture": "#1"},
				"east": {"uv": [7.625, 6.75, 13.375, 6.875], "texture": "#1"},
				"south": {"uv": [8.5, 10.875, 9.125, 11], "texture": "#1"},
				"west": {"uv": [7.625, 6.875, 13.375, 7], "texture": "#1"},
				"up": {"uv": [6.625, 5.75, 6, 0], "texture": "#1"},
				"down": {"uv": [6.625, 5.75, 6, 11.5], "texture": "#1"}
			}
		}
	],
	"display": {
		"head": {
			"translation": [0, -7, 0],
			"scale": [3, 3, 3]
		}
	},
	"groups": [
		{
			"name": "tank",
			"origin": [8, 8, 8],
			"color": 0,
			"children": [
				{
					"name": "base",
					"origin": [8, 8, 8],
					"color": 0,
					"children": [0, 1, 2]
				},
				{
					"name": "wheelsleft",
					"origin": [8, 8, 8],
					"color": 0,
					"children": [
						{
							"name": "wheel1",
							"origin": [0, 0, 0],
							"color": 0,
							"children": [3, 4, 5, 6, 7]
						},
						{
							"name": "wheel2",
							"origin": [0, 0, 0],
							"color": 0,
							"children": [8, 9, 10, 11, 12]
						},
						{
							"name": "wheel3",
							"origin": [0, 0, 0],
							"color": 0,
							"children": [13, 14, 15, 16, 17]
						},
						{
							"name": "wheel4",
							"origin": [0, 0, 0],
							"color": 0,
							"children": [18, 19, 20, 21, 22]
						},
						{
							"name": "wheel5",
							"origin": [0, 0, 0],
							"color": 0,
							"children": [23, 24, 25, 26, 27]
						},
						{
							"name": "smallwheel1",
							"origin": [0, 0, 0],
							"color": 0,
							"children": [28, 29, 30, 31, 32]
						},
						{
							"name": "smallwheel2",
							"origin": [0, 0, 0],
							"color": 0,
							"children": [33, 34, 35, 36, 37]
						},
						{
							"name": "rail",
							"origin": [8, 8, 8],
							"color": 0,
							"children": [38, 39, 40, 41]
						}
					]
				},
				{
					"name": "wheelsright",
					"origin": [8, 8, 8],
					"color": 0,
					"children": [
						{
							"name": "wheel1",
							"origin": [0, 0, 0],
							"color": 0,
							"children": [42, 43, 44, 45, 46]
						},
						{
							"name": "wheel2",
							"origin": [0, 0, 0],
							"color": 0,
							"children": [47, 48, 49, 50, 51]
						},
						{
							"name": "wheel3",
							"origin": [0, 0, 0],
							"color": 0,
							"children": [52, 53, 54, 55, 56]
						},
						{
							"name": "wheel4",
							"origin": [0, 0, 0],
							"color": 0,
							"children": [57, 58, 59, 60, 61]
						},
						{
							"name": "wheel5",
							"origin": [0, 0, 0],
							"color": 0,
							"children": [62, 63, 64, 65, 66]
						},
						{
							"name": "smallwheel1",
							"origin": [0, 0, 0],
							"color": 0,
							"children": [67, 68, 69, 70, 71]
						},
						{
							"name": "smallwheel2",
							"origin": [0, 0, 0],
							"color": 0,
							"children": [72, 73, 74, 75, 76]
						},
						{
							"name": "rail",
							"origin": [8, 8, 8],
							"color": 0,
							"children": [77, 78, 79, 80]
						}
					]
				}
			]
		}
	]
}