{
	"credit": "Made with Blockbench, Model by AstroSquared",
	"texture_size": [64, 64],
	"textures": {
		"1": "custom/plane",
		"particle": "custom/plane"
	},
	"elements": [
		{
			"from": [3, 1, 0],
			"to": [13, 8, 16],
			"faces": {
				"north": {"uv": [4.5, 7, 7, 8.75], "texture": "#1"},
				"east": {"uv": [0, 4, 4, 5.75], "texture": "#1"},
				"south": {"uv": [7, 7, 9.5, 8.75], "texture": "#1"},
				"west": {"uv": [4, 4, 8, 5.75], "texture": "#1"},
				"up": {"uv": [2.5, 4, 0, 0], "texture": "#1"},
				"down": {"uv": [5, 0, 2.5, 4], "texture": "#1"}
			}
		},
		{
			"from": [7, 4, -4],
			"to": [9, 6, 0],
			"faces": {
				"north": {"uv": [10.5, 9.75, 11, 10.25], "texture": "#1"},
				"east": {"uv": [1.75, 10.5, 2.75, 11], "texture": "#1"},
				"south": {"uv": [10.5, 10.25, 11, 10.75], "texture": "#1"},
				"west": {"uv": [10.5, 2, 11.5, 2.5], "texture": "#1"},
				"up": {"uv": [3.25, 11.5, 2.75, 10.5], "texture": "#1"},
				"down": {"uv": [3.75, 10.5, 3.25, 11.5], "texture": "#1"}
			}
		},
		{
			"from": [9, 4, -3],
			"to": [15, 6, -2],
			"faces": {
				"north": {"uv": [9.5, 3, 11, 3.5], "texture": "#1"},
				"east": {"uv": [5.75, 10.5, 6, 11], "texture": "#1"},
				"south": {"uv": [9.5, 7, 11, 7.5], "texture": "#1"},
				"west": {"uv": [7, 10.75, 7.25, 11.25], "texture": "#1"},
				"up": {"uv": [6.5, 4, 5, 3.75], "texture": "#1"},
				"down": {"uv": [8, 3.75, 6.5, 4], "texture": "#1"}
			}
		},
		{
			"from": [1, 4, -3],
			"to": [7, 6, -2],
			"faces": {
				"north": {"uv": [9.5, 7.5, 11, 8], "texture": "#1"},
				"east": {"uv": [7.25, 10.75, 7.5, 11.25], "texture": "#1"},
				"south": {"uv": [9.5, 8, 11, 8.5], "texture": "#1"},
				"west": {"uv": [7.5, 10.75, 7.75, 11.25], "texture": "#1"},
				"up": {"uv": [11, 3.75, 9.5, 3.5], "texture": "#1"},
				"down": {"uv": [11, 8.5, 9.5, 8.75], "texture": "#1"}
			}
		},
		{
			"from": [7, 6, -3],
			"to": [9, 12, -2],
			"faces": {
				"north": {"uv": [9.5, 9.25, 10, 10.75], "texture": "#1"},
				"east": {"uv": [4.75, 10.5, 5, 12], "texture": "#1"},
				"south": {"uv": [10, 9.25, 10.5, 10.75], "texture": "#1"},
				"west": {"uv": [5, 10.5, 5.25, 12], "texture": "#1"},
				"up": {"uv": [8.25, 11, 7.75, 10.75], "texture": "#1"},
				"down": {"uv": [8.75, 10.75, 8.25, 11], "texture": "#1"}
			}
		},
		{
			"from": [7, -2, -3],
			"to": [9, 4, -2],
			"faces": {
				"north": {"uv": [0, 10.5, 0.5, 12], "texture": "#1"},
				"east": {"uv": [5.25, 10.5, 5.5, 12], "texture": "#1"},
				"south": {"uv": [10.5, 0, 11, 1.5], "texture": "#1"},
				"west": {"uv": [5.5, 10.5, 5.75, 12], "texture": "#1"},
				"up": {"uv": [9.25, 11, 8.75, 10.75], "texture": "#1"},
				"down": {"uv": [9.75, 10.75, 9.25, 11], "texture": "#1"}
			}
		},
		{
			"from": [4, 2, 16],
			"to": [12, 7, 21],
			"faces": {
				"north": {"uv": [9, 5.75, 11, 7], "texture": "#1"},
				"east": {"uv": [7, 9.25, 8.25, 10.5], "texture": "#1"},
				"south": {"uv": [0, 9.25, 2, 10.5], "texture": "#1"},
				"west": {"uv": [8.25, 9.25, 9.5, 10.5], "texture": "#1"},
				"up": {"uv": [4, 10.5, 2, 9.25], "texture": "#1"},
				"down": {"uv": [6, 9.25, 4, 10.5], "texture": "#1"}
			}
		},
		{
			"from": [7, -13, 16],
			"to": [9, -9, 32],
			"rotation": {"angle": -45, "axis": "x", "origin": [0, 0, 0]},
			"faces": {
				"north": {"uv": [3.75, 10.5, 4.25, 11.5], "texture": "#1"},
				"east": {"uv": [8, 3.75, 12, 4.75], "texture": "#1"},
				"south": {"uv": [4.25, 10.5, 4.75, 11.5], "texture": "#1"},
				"west": {"uv": [8, 4.75, 12, 5.75], "texture": "#1"},
				"up": {"uv": [6.5, 13.25, 6, 9.25], "texture": "#1"},
				"down": {"uv": [7, 9.25, 6.5, 13.25], "texture": "#1"}
			}
		},
		{
			"from": [-3, 9, 23],
			"to": [19, 11, 28],
			"faces": {
				"north": {"uv": [0, 8.75, 5.5, 9.25], "texture": "#1"},
				"east": {"uv": [0.5, 10.5, 1.75, 11], "texture": "#1"},
				"south": {"uv": [5.5, 8.75, 11, 9.25], "texture": "#1"},
				"west": {"uv": [10.5, 1.5, 11.75, 2], "texture": "#1"},
				"up": {"uv": [10.5, 1.25, 5, 0], "texture": "#1"},
				"down": {"uv": [10.5, 1.25, 5, 2.5], "texture": "#1"}
			}
		},
		{
			"from": [-16, 4, 5],
			"to": [2, 5, 10],
			"rotation": {"angle": 22.5, "axis": "y", "origin": [0, 0, 0]},
			"faces": {
				"north": {"uv": [0, 8.25, 4.5, 8.5], "texture": "#1"},
				"east": {"uv": [7, 10.5, 8.25, 10.75], "texture": "#1"},
				"south": {"uv": [0, 8.5, 4.5, 8.75], "texture": "#1"},
				"west": {"uv": [8.25, 10.5, 9.5, 10.75], "texture": "#1"},
				"up": {"uv": [9.5, 3.75, 5, 2.5], "texture": "#1"},
				"down": {"uv": [4.5, 5.75, 0, 7], "texture": "#1"}
			}
		},
		{
			"from": [13, 4, -1],
			"to": [31, 5, 4],
			"rotation": {"angle": -22.5, "axis": "y", "origin": [0, 0, 0]},
			"faces": {
				"north": {"uv": [9.5, 2.5, 14, 2.75], "texture": "#1"},
				"east": {"uv": [10.5, 9.25, 11.75, 9.5], "texture": "#1"},
				"south": {"uv": [9.5, 2.75, 14, 3], "texture": "#1"},
				"west": {"uv": [10.5, 9.5, 11.75, 9.75], "texture": "#1"},
				"up": {"uv": [9, 7, 4.5, 5.75], "texture": "#1"},
				"down": {"uv": [4.5, 7, 0, 8.25], "texture": "#1"}
			}
		}
	],
	"display": {
		"thirdperson_righthand": {
			"rotation": [90, 0, 0]
		},
		"thirdperson_lefthand": {
			"rotation": [90, 0, 0]
		},
		"gui": {
			"rotation": [-10, -10, -10],
			"scale": [1, 1, -1]
		},
		"head": {
			"scale": [3, 3, 3]
		},
		"fixed": {
			"rotation": [90, 0, -180],
			"translation": [0, 7.5, -9]
		}
	},
	"groups": [
		{
			"name": "plane",
			"origin": [8, 8, 8],
			"color": 0,
			"children": [
				{
					"name": "base",
					"origin": [8, 8, 8],
					"color": 0,
					"children": [0]
				},
				{
					"name": "front",
					"origin": [8, 8, 8],
					"color": 0,
					"children": [1, 2, 3, 4, 5]
				},
				{
					"name": "back",
					"origin": [8, 8, 8],
					"color": 0,
					"children": [6, 7, 8]
				},
				{
					"name": "wings",
					"origin": [8, 8, 8],
					"color": 0,
					"children": [9, 10]
				}
			]
		}
	]
}